<?xml version="1.0" encoding="UTF-8"?>

<!DOCTYPE glassfish-web-app PUBLIC "-//GlassFish.org//DTD GlassFish Application Server 3.1 Servlet 3.0//EN" "http://glassfish.org/dtds/glassfish-web-app_3_0-1.dtd">
<glassfish-web-app>
	<context-root>/ProjetWeb2</context-root>
	<class-loader delegate="true" />
	<jsp-config>
		<property name="keepgenerated" value="true">
			<description>
				Conserve une copie du code des servlets autogénérées.
			</description>
		</property>
	</jsp-config>
</glassfish-web-app>